{
  "name": "SLIPO Identifiers Registry API",
  "version": "0.0.0",
  "description": "",
  "title": "SSLIPO Identifiers Registry API",
  "url": "https://registry.dev.slipo.eu/",
  "header": {
    "title": "Introduction",
    "content": "<p>This document describes the SLIPO Identifiers Registry API.</p>\n<p>The main role of the Identifiers Registry API is to assign and resolve POI URIs in SLIPO.</p>\n"
  },
  "order": [
    "Registration",
    "register a POI",
    "POI Search"
  ],
  "template": {
    "withCompare": false,
    "withGenerator": false
  },
  "sampleUrl": false,
  "defaultVersion": "0.0.0",
  "apidoc": "0.3.0",
  "generator": {
    "name": "apidoc",
    "time": "2017-12-04T09:16:59.226Z",
    "url": "http://apidocjs.com",
    "version": "0.17.6"
  }
}
